Workbook

Sheet Panduan
A1: Panduan: contoh project analisis data kecil
A2: Data kamu sendiri (Resource GPS), dirapikan jadi contoh alur kerja. Tujuannya jadi tolak ukur, bukan jawaban akhir.
A4: ALUR KERJA (6 langkah)
A5: 1. Pertanyaan | B5: Mulai dari keputusan: 'Pabrik mana yang di-upgrade duluan?' dan 'Mana bottleneck Ironworks?'. Tanpa pertanyaan, data cuma angka.
A6: 2. Data | B6: Satu baris = satu pabrik, satu kolom = satu jenis informasi. Lihat sheet Data_Pabrik.
A7: 3. Bersihkan | B7: Lihat 'Log pembersihan' di bawah. Intinya: nama kolom jujur, satu sel satu angka, penulisan seragam.
A8: 4. Hitung metrik | B8: Payback, Return Harian, Kontribusi Profit, Median. Semua pakai rumus, jadi otomatis update kalau input diubah.
A9: 5. Visualisasi | B9: Sheet Analisis: data diurutkan dulu, lalu satu warna menyorot yang penting, sisanya abu-abu. Satu chart = satu pesan.
A10: 6. Kesimpulan + batasan | B10: Tulis temuan dan juga batas analisisnya (lihat 'Batasan' di bawah).
A12: LEGENDA WARNA
A13: Biru | B13: Angka input dari game (diketik manual).
A14: Hitam | B14: Rumus (jangan diketik ulang).
A15: Kuning | B15: Asumsi yang bisa diubah.
A17: LOG PEMBERSIHAN (sebelum → sesudah)
A18: Nama kolom | B18: 'PROFIT TOTAL' → 'Profit per Jam'. Alasan: dikali 24 jadi per hari, jadi aslinya per jam (asumsi). Nama kolom yang menipu bikin salah baca.
A19: Rumus di dalam angka | B19: '=213300000+17775000' → satu nilai (Ironworks, Glazier). Rumus asli disimpan di komentar sel. Satu sel sebaiknya berisi satu angka.
A20: Penulisan seragam | B20: 'iya'/'gak' → 'Ya'/'Tidak', plus dropdown supaya tidak ada variasi ejaan.
A21: Angka 24 dan resep 7/10 | B21: Tadinya tertanam di rumus. Sekarang jadi sel input supaya terlihat dan bisa diubah.
A22: Total | B22: Total payback dibuang karena menjumlahkan payback tidak bermakna. Diganti 'Payback gabungan' = total harga / total profit per hari.
A23: Tanggal | B23: Tanggal data dijadikan sel berlabel (Tanggal data). Kalau nanti dicatat tiap hari, ini jadi kolom sendiri.
A25: BATASAN ANALISIS (jujur)
A26: Definisi payback | B26: Payback di sini = harga upgrade / profit per hari SAAT INI. Payback upgrade yang sebenarnya = harga / KENAIKAN profit setelah upgrade. Datamu belum punya angka kenaikan itu, jadi payback ini hanya pembanding kasar antar pabrik.
A27: Cuma satu tanggal | B27: Data hanya satu snapshot, jadi belum bisa bicara tren atau pertumbuhan.
A28: Pertanyaan upgrade kit | B28: Belum bisa dijawab presisi tanpa tabel level → kit → pengali kecepatan (lihat sheet Ironworks).
A30: LATIHAN LANJUTAN (dikerjakan sendiri)
A31: Latihan 1 | B31: Cari di game: berapa kenaikan profit tiap pabrik setelah upgrade. Tambah kolom itu, hitung payback yang benar, bandingkan peringkatnya dengan peringkat sekarang.
A32: Latihan 2 | B32: Bikin sheet baru, catat profit tiap hari beberapa minggu (tanggal | pabrik | profit). Buat line chart tren.
A33: Latihan 3 | B33: Pakai AVERAGEIF: apakah pabrik 'Beli Material = Ya' rata-rata paybacknya beda dari yang 'Tidak'? Hati-hati: sampel cuma 2 pabrik 'Tidak', jangan terlalu yakin.
A34: Latihan 4 | B34: Selesaikan bagian kosong di sheet Ironworks (pembagian upgrade kit).

Sheet Data_Pabrik
A1: Data Pabrik — Resource GPS (sudah dibersihkan)
A2: Tanggal data | B2: 46298 | D2: Jam per hari | E2: 24
A4: Pabrik | B4: Beli Material? | C4: Profit per Jam | D4: Profit per Hari | E4: Harga Upgrade | F4: Payback (hari) | G4: Return Harian | H4: Kontribusi Profit
A5: Concrete | B5: Ya | C5: 504365550 | D5: =C5*$E$2 -> 12104773200 | E5: 19620000000 | F5: =IF(D5=0,"",E5/D5) -> 1.6208482 | G5: =IF(E5=0,"",D5/E5) -> 0.61696092 | H5: =D5/$D$14 -> 0.29943178
A6: Ironworks | B6: Tidak | C6: 231075000 | D6: =C6*$E$2 -> 5545800000 | E6: 8070000000 | F6: =IF(D6=0,"",E6/D6) -> 1.4551553 | G6: =IF(E6=0,"",D6/E6) -> 0.6872119 | H6: =D6/$D$14 -> 0.13718463
A7: Brick | B7: Ya | C7: 76216896 | D7: =C7*$E$2 -> 1829205504 | E7: 3040000000 | F7: =IF(D7=0,"",E7/D7) -> 1.6619237 | G7: =IF(E7=0,"",D7/E7) -> 0.60171234 | H7: =D7/$D$14 -> 0.045248454
A8: Oil | B8: Ya | C8: 116951565 | D8: =C8*$E$2 -> 2806837560 | E8: 6630000000 | F8: =IF(D8=0,"",E8/D8) -> 2.362089 | G8: =IF(E8=0,"",D8/E8) -> 0.42335408 | H8: =D8/$D$14 -> 0.069431816
A9: Glazier | B9: Tidak | C9: 82929920 | D9: =C9*$E$2 -> 1990318080 | E9: 4460000000 | F9: =IF(D9=0,"",E9/D9) -> 2.2408479 | G9: =IF(E9=0,"",D9/E9) -> 0.44625966 | H9: =D9/$D$14 -> 0.049233842
A10: Aluminium | B10: Ya | C10: 121507456 | D10: =C10*$E$2 -> 2916178944 | E10: 11460000000 | F10: =IF(D10=0,"",E10/D10) -> 3.9298 | G10: =IF(E10=0,"",D10/E10) -> 0.25446588 | H10: =D10/$D$14 -> 0.072136557
A11: Copper | B11: Ya | C11: 208556497 | D11: =C11*$E$2 -> 5005355928 | E11: 24790000000 | F11: =IF(D11=0,"",E11/D11) -> 4.9526947 | G11: =IF(E11=0,"",D11/E11) -> 0.20191028 | H11: =D11/$D$14 -> 0.12381584
A12: Medical | B12: Ya | C12: 281927232 | D12: =C12*$E$2 -> 6766253568 | E12: 54520000000 | F12: =IF(D12=0,"",E12/D12) -> 8.0576348 | G12: =IF(E12=0,"",D12/E12) -> 0.1241059 | H12: =D12/$D$14 -> 0.16737458
A13: Arms | B13: Ya | C13: 60878740 | D13: =C13*$E$2 -> 1461089760 | E13: 16720000000 | F13: =IF(D13=0,"",E13/D13) -> 11.443513 | G13: =IF(E13=0,"",D13/E13) -> 0.087385751 | H13: =D13/$D$14 -> 0.036142496
A14: Total / Gabungan | C14: =SUM(C5:C13) -> 1684408856 | D14: =SUM(D5:D13) -> 40425812544 | E14: =SUM(E5:E13) -> 149310000000 | F14: =E14/D14 -> 3.6934323 | G14: =D14/E14 -> 0.27075087 | H14: =SUM(H5:H13) -> 1
A16: Catatan:
A17: Biru = angka input dari game. Hitam = rumus. Kuning = asumsi yang bisa kamu ubah.
A18: Kolom 'Profit per Jam' dulu bernama 'PROFIT TOTAL' di file asli. Aku ganti namanya karena dikali 24 untuk jadi per hari, artinya angka aslinya per jam (asumsi — koreksi kalau salah).
A19: Return Harian = Profit per Hari / Harga Upgrade (kebalikan Payback). Makin BESAR makin bagus, cocok untuk dibaca di bar chart.

Sheet Analisis
A1: Analisis: pabrik mana yang paling cepat balik modal upgrade?
A2: Keputusan yang dibantu: urutan upgrade pabrik kalau modal terbatas.
A4: Peringkat | B4: Pabrik | C4: Payback (hari) | D4: Return Harian | E4: Profit per Hari | F4: Harga Upgrade | G4: Kontribusi Profit | H4: Kategori
A5: 1 | B5: =INDEX(Data_Pabrik!$A$5:$A$13,MATCH(C5,Data_Pabrik!$F$5:$F$13,0)) -> Ironworks | C5: =SMALL(Data_Pabrik!$F$5:$F$13,A5) -> 1.4551553 | D5: =INDEX(Data_Pabrik!$G$5:$G$13,MATCH($B5,Data_Pabrik!$A$5:$A$13,0)) -> 0.6872119 | E5: =INDEX(Data_Pabrik!$D$5:$D$13,MATCH($B5,Data_Pabrik!$A$5:$A$13,0)) -> 5545800000 | F5: =INDEX(Data_Pabrik!$E$5:$E$13,MATCH($B5,Data_Pabrik!$A$5:$A$13,0)) -> 8070000000 | G5: =INDEX(Data_Pabrik!$H$5:$H$13,MATCH($B5,Data_Pabrik!$A$5:$A$13,0)) -> 0.13718463 | H5: =IF(C5<=$C$17,"Cepat",IF(C5<=$C$18,"Sedang","Lama")) -> Cepat
A6: =A5+1 -> 2 | B6: =INDEX(Data_Pabrik!$A$5:$A$13,MATCH(C6,Data_Pabrik!$F$5:$F$13,0)) -> Concrete | C6: =SMALL(Data_Pabrik!$F$5:$F$13,A6) -> 1.6208482 | D6: =INDEX(Data_Pabrik!$G$5:$G$13,MATCH($B6,Data_Pabrik!$A$5:$A$13,0)) -> 0.61696092 | E6: =INDEX(Data_Pabrik!$D$5:$D$13,MATCH($B6,Data_Pabrik!$A$5:$A$13,0)) -> 12104773200 | F6: =INDEX(Data_Pabrik!$E$5:$E$13,MATCH($B6,Data_Pabrik!$A$5:$A$13,0)) -> 19620000000 | G6: =INDEX(Data_Pabrik!$H$5:$H$13,MATCH($B6,Data_Pabrik!$A$5:$A$13,0)) -> 0.29943178 | H6: =IF(C6<=$C$17,"Cepat",IF(C6<=$C$18,"Sedang","Lama")) -> Cepat
A7: =A6+1 -> 3 | B7: =INDEX(Data_Pabrik!$A$5:$A$13,MATCH(C7,Data_Pabrik!$F$5:$F$13,0)) -> Brick | C7: =SMALL(Data_Pabrik!$F$5:$F$13,A7) -> 1.6619237 | D7: =INDEX(Data_Pabrik!$G$5:$G$13,MATCH($B7,Data_Pabrik!$A$5:$A$13,0)) -> 0.60171234 | E7: =INDEX(Data_Pabrik!$D$5:$D$13,MATCH($B7,Data_Pabrik!$A$5:$A$13,0)) -> 1829205504 | F7: =INDEX(Data_Pabrik!$E$5:$E$13,MATCH($B7,Data_Pabrik!$A$5:$A$13,0)) -> 3040000000 | G7: =INDEX(Data_Pabrik!$H$5:$H$13,MATCH($B7,Data_Pabrik!$A$5:$A$13,0)) -> 0.045248454 | H7: =IF(C7<=$C$17,"Cepat",IF(C7<=$C$18,"Sedang","Lama")) -> Cepat
A8: =A7+1 -> 4 | B8: =INDEX(Data_Pabrik!$A$5:$A$13,MATCH(C8,Data_Pabrik!$F$5:$F$13,0)) -> Glazier | C8: =SMALL(Data_Pabrik!$F$5:$F$13,A8) -> 2.2408479 | D8: =INDEX(Data_Pabrik!$G$5:$G$13,MATCH($B8,Data_Pabrik!$A$5:$A$13,0)) -> 0.44625966 | E8: =INDEX(Data_Pabrik!$D$5:$D$13,MATCH($B8,Data_Pabrik!$A$5:$A$13,0)) -> 1990318080 | F8: =INDEX(Data_Pabrik!$E$5:$E$13,MATCH($B8,Data_Pabrik!$A$5:$A$13,0)) -> 4460000000 | G8: =INDEX(Data_Pabrik!$H$5:$H$13,MATCH($B8,Data_Pabrik!$A$5:$A$13,0)) -> 0.049233842 | H8: =IF(C8<=$C$17,"Cepat",IF(C8<=$C$18,"Sedang","Lama")) -> Sedang
A9: =A8+1 -> 5 | B9: =INDEX(Data_Pabrik!$A$5:$A$13,MATCH(C9,Data_Pabrik!$F$5:$F$13,0)) -> Oil | C9: =SMALL(Data_Pabrik!$F$5:$F$13,A9) -> 2.362089 | D9: =INDEX(Data_Pabrik!$G$5:$G$13,MATCH($B9,Data_Pabrik!$A$5:$A$13,0)) -> 0.42335408 | E9: =INDEX(Data_Pabrik!$D$5:$D$13,MATCH($B9,Data_Pabrik!$A$5:$A$13,0)) -> 2806837560 | F9: =INDEX(Data_Pabrik!$E$5:$E$13,MATCH($B9,Data_Pabrik!$A$5:$A$13,0)) -> 6630000000 | G9: =INDEX(Data_Pabrik!$H$5:$H$13,MATCH($B9,Data_Pabrik!$A$5:$A$13,0)) -> 0.069431816 | H9: =IF(C9<=$C$17,"Cepat",IF(C9<=$C$18,"Sedang","Lama")) -> Sedang
A10: =A9+1 -> 6 | B10: =INDEX(Data_Pabrik!$A$5:$A$13,MATCH(C10,Data_Pabrik!$F$5:$F$13,0)) -> Aluminium | C10: =SMALL(Data_Pabrik!$F$5:$F$13,A10) -> 3.9298 | D10: =INDEX(Data_Pabrik!$G$5:$G$13,MATCH($B10,Data_Pabrik!$A$5:$A$13,0)) -> 0.25446588 | E10: =INDEX(Data_Pabrik!$D$5:$D$13,MATCH($B10,Data_Pabrik!$A$5:$A$13,0)) -> 2916178944 | F10: =INDEX(Data_Pabrik!$E$5:$E$13,MATCH($B10,Data_Pabrik!$A$5:$A$13,0)) -> 11460000000 | G10: =INDEX(Data_Pabrik!$H$5:$H$13,MATCH($B10,Data_Pabrik!$A$5:$A$13,0)) -> 0.072136557 | H10: =IF(C10<=$C$17,"Cepat",IF(C10<=$C$18,"Sedang","Lama")) -> Sedang
A11: =A10+1 -> 7 | B11: =INDEX(Data_Pabrik!$A$5:$A$13,MATCH(C11,Data_Pabrik!$F$5:$F$13,0)) -> Copper | C11: =SMALL(Data_Pabrik!$F$5:$F$13,A11) -> 4.9526947 | D11: =INDEX(Data_Pabrik!$G$5:$G$13,MATCH($B11,Data_Pabrik!$A$5:$A$13,0)) -> 0.20191028 | E11: =INDEX(Data_Pabrik!$D$5:$D$13,MATCH($B11,Data_Pabrik!$A$5:$A$13,0)) -> 5005355928 | F11: =INDEX(Data_Pabrik!$E$5:$E$13,MATCH($B11,Data_Pabrik!$A$5:$A$13,0)) -> 24790000000 | G11: =INDEX(Data_Pabrik!$H$5:$H$13,MATCH($B11,Data_Pabrik!$A$5:$A$13,0)) -> 0.12381584 | H11: =IF(C11<=$C$17,"Cepat",IF(C11<=$C$18,"Sedang","Lama")) -> Sedang
A12: =A11+1 -> 8 | B12: =INDEX(Data_Pabrik!$A$5:$A$13,MATCH(C12,Data_Pabrik!$F$5:$F$13,0)) -> Medical | C12: =SMALL(Data_Pabrik!$F$5:$F$13,A12) -> 8.0576348 | D12: =INDEX(Data_Pabrik!$G$5:$G$13,MATCH($B12,Data_Pabrik!$A$5:$A$13,0)) -> 0.1241059 | E12: =INDEX(Data_Pabrik!$D$5:$D$13,MATCH($B12,Data_Pabrik!$A$5:$A$13,0)) -> 6766253568 | F12: =INDEX(Data_Pabrik!$E$5:$E$13,MATCH($B12,Data_Pabrik!$A$5:$A$13,0)) -> 54520000000 | G12: =INDEX(Data_Pabrik!$H$5:$H$13,MATCH($B12,Data_Pabrik!$A$5:$A$13,0)) -> 0.16737458 | H12: =IF(C12<=$C$17,"Cepat",IF(C12<=$C$18,"Sedang","Lama")) -> Lama
A13: =A12+1 -> 9 | B13: =INDEX(Data_Pabrik!$A$5:$A$13,MATCH(C13,Data_Pabrik!$F$5:$F$13,0)) -> Arms | C13: =SMALL(Data_Pabrik!$F$5:$F$13,A13) -> 11.443513 | D13: =INDEX(Data_Pabrik!$G$5:$G$13,MATCH($B13,Data_Pabrik!$A$5:$A$13,0)) -> 0.087385751 | E13: =INDEX(Data_Pabrik!$D$5:$D$13,MATCH($B13,Data_Pabrik!$A$5:$A$13,0)) -> 1461089760 | F13: =INDEX(Data_Pabrik!$E$5:$E$13,MATCH($B13,Data_Pabrik!$A$5:$A$13,0)) -> 16720000000 | G13: =INDEX(Data_Pabrik!$H$5:$H$13,MATCH($B13,Data_Pabrik!$A$5:$A$13,0)) -> 0.036142496 | H13: =IF(C13<=$C$17,"Cepat",IF(C13<=$C$18,"Sedang","Lama")) -> Lama
A16: Batas kategori (asumsi, boleh diubah)
A17: Cepat jika payback ≤ (hari) | C17: 2 | D17: Di atas batas 'Sedang' = Lama. Angka 2 dan 5 hanya tebakan awal, bukan aturan game.
A18: Sedang jika payback ≤ (hari) | C18: 5
A20: Statistik ringkas payback
A21: Tercepat | C21: =MIN(Data_Pabrik!F5:F13) -> 1.4551553
A22: Terlama | C22: =MAX(Data_Pabrik!F5:F13) -> 11.443513
A23: Rata-rata | C23: =AVERAGE(Data_Pabrik!F5:F13) -> 4.1916119
A24: Median | C24: =MEDIAN(Data_Pabrik!F5:F13) -> 2.362089
A25: Selisih rata-rata vs median | C25: =C23-C24 -> 1.8295229 | D25: Kalau rata-rata jauh di atas median, ada pabrik 'ekstrem' yang menarik rata-rata ke atas.
A27: Ringkasan otomatis
A28: ="Tercepat balik modal: "&B5&" ("&TEXT(C5,"0.00")&" hari). Terlama: "&B13&" ("&TEXT(C13,"0.00")&" hari)." -> Tercepat balik modal: Ironworks (001 hari). Terlama: Arms (011 hari).
A29: ="Pabrik dengan profit/hari terbesar: "&INDEX(Data_Pabrik!A5:A13,MATCH(MAX(Data_Pabrik!D5:D13),Data_Pabrik!D5:D13,0))&" — apakah dia juga cepat balik modal? Cek peringkatnya di tabel." -> Pabrik dengan profit/hari terbesar: Concrete — apakah dia juga cepat balik modal? Cek peringkatnya di tabel.
A30: ="Payback gabungan semua pabrik: "&TEXT(Data_Pabrik!F14,"0.00")&" hari (total harga upgrade / total profit per hari)." -> Payback gabungan semua pabrik: 004 hari (total harga upgrade / total profit per hari).

Sheet Ironworks
A1: Ironworks — mana bottleneck-nya?
A3: INPUT (ubah angka biru di sini)
A4: Supply Iron Ore (per jam) | B4: 31980 | C4: Angka dari file asli (sheet Ironworks Balance).
A5: Supply Coal (per jam) | B5: 45464
A6: Kecepatan maks pabrik (steel/jam) | B6: 5400
A7: Resep: Iron Ore per 1 Steel | B7: 7 | C7: Resep dulu ditulis langsung di dalam rumus (/7, /10). Sekarang jadi sel input supaya mudah diubah.
A8: Resep: Coal per 1 Steel | B8: 10
A10: LANGKAH 1 — Kapasitas dari tiap bahan (konsep bottleneck)
A11: Bahan | B11: Supply / jam | C11: Resep per Steel | D11: Bisa jadi Steel / jam
A12: Iron Ore | B12: =B4 -> 31980 | C12: =B7 -> 7 | D12: =B12/C12 -> 4568.5714
A13: Coal | B13: =B5 -> 45464 | C13: =B8 -> 10 | D13: =B13/C13 -> 4546.4
A14: Kecepatan nyata Steel / jam | D14: =MIN(D12:D13,B6) -> 4546.4 | E14: MIN = bahan yang paling kurang menentukan segalanya; juga dibatasi kecepatan maks pabrik.
A15: Bottleneck (penahan) | D15: =IF(MIN(D12:D13)>=B6,"Pabrik (bahan cukup)",INDEX(A12:A13,MATCH(MIN(D12:D13),D12:D13,0))) -> Coal
A16: Terpenuhi dari target pabrik | D16: =D14/B6 -> 0.84192593
A18: LANGKAH 2 — Kalau pabrik mau jalan penuh, kurangnya berapa?
A19: Bahan | B19: Dibutuhkan / jam | C19: Supply / jam | D19: Kurang (gap) | E19: % kurang
A20: Iron Ore | B20: =$B$6*B7 -> 37800 | C20: =B4 -> 31980 | D20: =B20-C20 -> 5820 | E20: =D20/B20 -> 0.15396825
A21: Coal | B21: =$B$6*B8 -> 54000 | C21: =B5 -> 45464 | D21: =B21-C21 -> 8536 | E21: =D21/B21 -> 0.15807407
A22: Gap negatif = supply sudah lebih dari cukup.
A24: BAGIAN YANG SENGAJA DIKOSONGKAN (latihan untuk kamu)
A25: Cara bagi upgrade kit ke miner Iron Ore dan Coal secara seimbang. Datanya belum cukup: butuh tabel level upgrade → kit yang dipakai → pengali kecepatan.
A26: Kalau tabel itu ada, hitung 'tambahan Steel/jam per 1 kit' untuk tiap bahan, lalu selalu taruh kit berikutnya ke yang tambahannya lebih besar.
A27: Bagian 'TINY CALCULATOR' dan 'FORMULA TU 1-3' di file asli tidak kubawa karena aku tidak yakin maknanya. Itu bagianmu.
